<?xml version="1.0" encoding="UTF-8"?>
<!DOCTYPE hibernate-mapping PUBLIC "-//Hibernate/Hibernate Mapping DTD 3.0//EN" "http://hibernate.sourceforge.net/hibernate-mapping-3.0.dtd">
<hibernate-mapping>
	<class name="Product" table="PRODUCTS">
		<id name="product_id" column="PRODUCT_ID">
			<generator class="assigned" />
		</id>
		<property name="product_name" column="PRODUCT_NAME" />
		<property name="quantity" column="QUANTITY" />
		<property name="price" column="PRICE" />
		<property name="product_size" column="PRODUCT_SIZE" />
	</class>
</hibernate-mapping>
